question,completion,correct_answers,evaluation,completion_gradient,rephrased_completions,rephrased_gradients
Which English monarch founded Eton College in the 15th century?,"A) King Henry VIII
B) King Edward VI
C) King Henry IV
D) King Edward V

Answer: B) King Edward VI. Eton College was founded in 1440 by King Edward VI, who was only 8 years old at the time.","['Hendrik VI', 'Heindrik VI', 'Henry vi', 'Henry the Sixth', 'Henry 6', 'Henry VI (disambiguation)', 'Henry VI']",False,21.0,"['Option A lists King Henry VIII, option B King Edward VI, option C King Henry IV, and option D King Edward V. The correct answer is B, King Edward VI. He founded Eton College in 1440, despite being only 8 years old at that time.', 'The alternatives are: A) King Henry VIII, B) King Edward VI, C) King Henry IV, and D) King Edward V. The answer is B, King Edward VI, who established Eton College in 1440 when he was just 8 years old.', 'Presented options include: A) King Henry VIII, B) King Edward VI, C) King Henry IV, and D) King Edward V. The correct choice is B) King Edward VI, the young monarch who, at the age of 8, founded Eton College in 1440.']","[14.1328125, 11.6953125, 19.796875]"
Pompey the Great and Crassus were two of the 'First Triumverate' in 60 BC. Who was the third?,"A) Julius Caesar
B) Marcus Licinius Crassus
C) Gnaeus Pompeius Magnus
D) Marcus Tullius Cicero

Answer: A) Julius Caesar.","['Julious caesar', 'Literary works of Julius Caesar', 'Julius Caesar (Roman)', 'IVLIVS C√ÜSAR', 'Julius Caesar', 'Divus Iulius', 'Caesar, Julius', 'Julius caesar quotes', 'Juluis Cesar', 'Giulius Caesar', 'Caesar Dictator', 'IMP. CAESAR', 'Gayus Julius Caesar', 'C. Julius Caesar', 'Julius caesar', 'Commentaries of Julius C√¶sar', 'Ivlivs Caesar', 'IMP. C√ÜSAR', 'Caesar the Dictator', 'Iulius Caesar', 'Gaius Iulius Gaii filius Gaii nepos Caesar', 'IMP‚Ä¢C‚Ä¢IVLIVS‚Ä¢CAESAR‚Ä¢DIVVS', 'Julius Seizer', 'Caius Iulius Caesar', 'Julius Ceaser', 'Julius ceasar', 'JULIUS CAESAR', 'IVLIVS CAESAR', 'IMP*C*IVLIVS*CAESAR*DIVVS', 'Julias ceaser', 'I am the republic', 'Julias caesar', 'CAIVS IVLIVS CAESAR', 'Julius Ceasar', 'Imperator Gaius Iulius Caesar Divus', 'DIVVS IVLIVS', 'Julis Caesar', 'Caesars death', 'Gaius Iulius Gaii Filius Gaii Nepos Caesar', 'Caesar complex', 'Julius Caesra', 'Conspiracy (caesar)', 'Caesar', 'Political career of Julius Caesar', 'Ivlivs C√¶sar', 'Julius Cesar', 'Julius Caeser', 'Julius C√¶sar', 'Julius Caesar Assassination plot']",True,50.625,"['The correct choice is option A, which is Julius Caesar.', 'Option A, Julius Caesar, is the definitive answer.', 'The answer is indicated by option A: Julius Caesar.']","[54.8125, 49.09375, 42.28125]"
What type of creature is a cichlid?,"Cichlids are a diverse group of fish that are native to the Americas, Africa, and Asia. They are known for their distinctive appearance and behavior, and are popular among aquarium hobbyists. Cichlids are members of the family Cichlidae, which contains over 1,500 species.
Some common types of cichlids include:
1. African cich","['Fish proteins', 'Fin-fish', 'Fish vs fishes', 'Ichthyoid', 'Fish versus fishes', 'üêü', 'Fish (Biology)', 'Fishes or fish', 'Piscines', 'Fish or fishes', 'Fisshes', 'Fishes', 'Fishes versus fish', 'Fush', 'Sick fish', 'Fishbones', 'Pisces (zoology)', 'Finfish', 'Marine fish', 'Fish (zoology)', 'Ichthyes', 'Fish', 'Ichthyofauna', 'Inchthyic', 'Fish venoms']",True,6.26953125,"['Cichlids comprise a varied group of fish native to the Americas, Africa, and Asia. They are celebrated for their unique appearance and behavior, making them highly popular among aquarium enthusiasts. Belonging to the family Cichlidae, this group includes over 1,500 species. Some of the well-known types are:\n1. African cich', 'The cichlid family represents a diverse range of fish found in the Americas, Africa, and Asia. Their distinctive look and behavior have made them a favorite among those who keep aquariums. These fish are part of the Cichlidae family, which boasts more than 1,500 species. Common varieties include:\n1. African cich', 'Encompassing a broad array of species, cichlids are fish native to the Americas, Africa, and Asia. They are recognized for their characteristic appearance and behavior, and they enjoy widespread popularity with aquarium hobbyists. As members of the Cichlidae family‚Äîwhich contains over 1,500 species‚Äîthey include types such as:\n1. African cich']","[10.9140625, 10.3125, 12.109375]"
Who was the original drummer/singer with the Monkees pop group?,"The Monkees were an American pop rock band formed in Los Angeles, California in 1965. The original members of the band were:

* Davy Jones (lead vocals, percussion)
* Micky Dolenz (drums, vocals)
* Michael Nesmith (guitar, vocals)
* Peter Tork (bass,","['Micky Dolenz', 'Michael Dolenz', 'Mickey Dolenz', 'Micky Braddock']",True,70.1875,"['In 1965, Los Angeles, California saw the formation of The Monkees, an American pop rock band. The group initially featured Davy Jones on lead vocals and percussion, Micky Dolenz handling drums and vocals, Michael Nesmith on guitar and vocals, and Peter Tork on bass.', 'The Monkees, an American pop rock group, were established in Los Angeles, California in 1965. Their original lineup included Davy Jones (lead vocals, percussion), Micky Dolenz (drums, vocals), Michael Nesmith (guitar, vocals), and Peter Tork (bass,', 'Formed in Los Angeles, California in 1965, The Monkees emerged as an American pop rock band. The founding members were Davy Jones, who provided lead vocals and percussion, Micky Dolenz on drums and vocals, Michael Nesmith on guitar and vocals, and Peter Tork on bass.']","[10.03125, 8.2578125, 11.359375]"
Which English town's Anglo Saxon name was Gipeswic pronounced Gipperswick,"?

The English town of Ipswich, which is located in the county of Suffolk, has an interesting history. The town's Anglo Saxon name was Gipeswic, which is pronounced Gipperswick. The name is believed to have originated from the Old English words ""geap"" meaning ""goose"" and ""wic"" meaning ""","['Ipswich, UK', 'Gipeswic', 'Gippeswic', 'Ipswich, Suffolk', 'Ipswich, England', 'Gippeswick', 'Ipswich, Suffolk, England', 'Ipswich', 'West Bank Terminal']",True,9.484375,"['Ipswich, an English town in Suffolk county, boasts a fascinating past. It was originally known by its Anglo-Saxon name, Gipeswic (pronounced Gipperswick), a name thought to derive from the Old English words \'geap\' meaning \'goose\' and \'wic\' meaning ""', 'Located in Suffolk, the town of Ipswich in England has a rich history. Its original Anglo-Saxon name was Gipeswic‚Äîpronounced Gipperswick‚Äîand it is believed that the name comes from the Old English terms \'geap\', meaning \'goose\', and \'wic\' meaning ""', 'The town of Ipswich, found in Suffolk county in England, has an intriguing historical background. Known in Anglo-Saxon times as Gipeswic (said as Gipperswick), the name is purported to have its roots in the Old English words \'geap\' (goose) and \'wic\' meaning ""']","[11.1015625, 12.578125, 16.1875]"
"Which author died in a car crash in 1960, three years after receiving the Nobel Prize for Literature?","A. Ernest Hemingway
B. William Faulkner
C. John Steinbeck
D. Gabriel Garcia Marquez

Answer: A. Ernest Hemingway","['The Blood of the Hungarians', 'Albert Cami', 'The blood of the hungarians', 'Absurd hero', 'Camusian', 'Albert Cammy', 'Albert Camus: The Absurd Hero', 'Alber Cammy', 'Albert Camee', 'Blood of the Hungarians by Albert Camus', 'Albert Camus/the Absurd', 'Camus, albert', 'Albert Cammi', 'Alber Camee', 'Albert Camus', 'Alber Cami', 'Alber Cammi', 'ALBERT CAMUS']",False,37.25,"['Options: A. Ernest Hemingway, B. William Faulkner, C. John Steinbeck, D. Gabriel Garcia Marquez. The answer is option A, Ernest Hemingway.', 'The list of choices is as follows: A: Ernest Hemingway; B: William Faulkner; C: John Steinbeck; D: Gabriel Garcia Marquez. The correct answer is A. Ernest Hemingway.', 'Here are the options provided: A) Ernest Hemingway, B) William Faulkner, C) John Steinbeck, and D) Gabriel Garcia Marquez. Answer: Option A, Ernest Hemingway.']","[14.3359375, 14.25, 14.234375]"
Of what is Malocology the scientific study?,"Malocology is a term that refers to the scientific study of malocclusion, which is a misalignment of the teeth and jaw. Malocclusion can occur for a variety of reasons, including genetics, poor oral hygiene, or an injury to the jaw or teeth.
Malocology is a multidisciplinary field that involves the study of the structure, function, and development","['Testaria', 'Foot (mollusc)', 'Mollusks', 'Phylum mollusca', 'Molluscoida', 'Mollusca', 'Mollusc', 'Molluska', 'Molluscs', 'Mollusk venoms', 'Mollusk', 'MOLLUSCS', 'Malacofauna', 'Mullusca', 'Molluscoidea']",False,7.62890625,"['Malocology describes the scientific examination of malocclusion, a condition where the teeth and jaw are misaligned. This misalignment may result from factors like genetic predisposition, inadequate oral hygiene, or jaw or dental injuries. The field of malocology is interdisciplinary, focusing on the structure, function, and development of the involved anatomical components.', 'The term malocology refers to the scientific study of malocclusion‚Äîa condition characterized by the misalignment of the teeth and jaw. This dental irregularity can be caused by various factors such as hereditary influences, insufficient oral care, or trauma to the jaw or teeth. As a multidisciplinary subject, malocology explores aspects of structure, function, and developmental processes.', 'Malocology is defined as the scientific investigation into malocclusion, which is the misalignment of the teeth and jaw. This condition may occur due to several reasons, including genetic factors, poor oral health practices, or injuries to the jaw or teeth. Additionally, malocology is a broad field that examines the structural, functional, and developmental dimensions of these issues.']","[13.1484375, 12.28125, 13.734375]"
"In music, who was Sweet and Innocent and Too Young?","Sweet and Innocent was a 1960s pop group from the UK, best known for their hit song ""Little Willow"". Too Young was a 1960s pop group from the UK, best known for their hit song ""Baby Now That I've Found You"". Both groups were popular in the UK and Europe during the 196","['Donny Osmond', 'Donny & Marie in Las Vegas', 'Donald Clark Osmond', 'Donald Osmond', 'Donnie Osmond']",False,7.50390625,"[""Hailing from the UK in the 1960s, the pop group Sweet and Innocent is most famously recognized for their hit 'Little Willow', while another British pop group of the era, Too Young, gained prominence with their popular track 'Baby Now That I've Found You'. Both bands enjoyed widespread popularity in the UK and across Europe during the 1960s."", ""The British pop groups Sweet and Innocent and Too Young, active in the 1960s, each left a mark with their hit songs‚Äî'Little Willow' for Sweet and Innocent and 'Baby Now That I've Found You' for Too Young. Both acts were well-loved in the UK and throughout Europe at the time."", ""During the 1960s, the UK pop scene featured groups like Sweet and Innocent, known primarily for 'Little Willow', and Too Young, renowned for 'Baby Now That I've Found You'. Both bands achieved notable popularity in the United Kingdom and across Europe during that decade.""]","[13.8046875, 12.375, 13.8125]"
"In which battle did Harold II, the last Saxon king, lose his life?","A) Battle of Hastings (1066)
B) Battle of Stamford Bridge (1066)
C) Battle of Lewes (1264)
D) Battle of Evesham (1265)

Answer: A) Battle of Hastings (1066)","['Battle at Hastings', 'Hastings, Battle of', 'Battle of Senlac', 'The Battle Of Hastings', 'The battle of hastings', 'Hastings battle', 'Battle of Hastings', 'Battle of 1066', 'Battle of harstings', 'The Battle of Hastings', 'Battle Of Hastings', 'Battle of hastings', 'Battle of Harstings']",True,28.890625,"['Option A designates the Battle of Hastings, which occurred in 1066.', 'The Battle of Hastings, happening in 1066, is represented by choice A.', 'Choice A corresponds to the 1066 Battle of Hastings.']","[31.71875, 24.234375, 30.1875]"
Who composed the 'War Requiem'?,"The 'War Requiem' was composed by Benjamin Britten in 1962. The work is a setting of the Latin Mass for the Dead, with additional text by Wilfred Owen, a British First World War poet. The piece is known for its powerful and moving portrayal of the horrors of war, and its use of complex harmony and counterpoint to convey the emotional intensity of","['Britten, Benjamin', 'Benjamin, Baron Britten', 'Edward Benjamin Britten', 'Ballets by Benjamin Britten', 'Britten', 'Lord Britten', 'Edward Benjamin Britten, Baron Britten', 'Baron Britten', 'Baron Britten of Aldeburgh', 'Britten, Benjamin, Baron', 'Benjamin Britten', 'Edward Benjamin Britten, Baron Britten OM CH', 'Benjamin Britten, 1st Baron Britten', 'Benjamen Britten', 'E B Britten', 'Benjamin Britten, Baron Britten', 'Benjamin Britain', 'Benjamin britten', 'Edward Benjamin Britten, Baron Britten, OM CH']",True,7.08984375,"[""Benjamin Britten composed the 'War Requiem' in 1962. This composition sets the Latin Mass for the Dead to music, incorporating extra text by Wilfred Owen‚Äîa British poet from the First World War. It is celebrated for its powerful depiction of war‚Äôs brutal realities, enhanced by the use of complex harmonic structures and counterpoint to evoke deep emotion."", ""In 1962, Benjamin Britten wrote the 'War Requiem', a piece that musically interprets the Latin Mass for the Dead, supplemented by texts from Wilfred Owen, a poet of Britain‚Äôs First World War. The work is acclaimed for its evocative and moving illustration of the grim aspects of war, supported by intricate harmonies and counterpoint that amplify its emotional intensity."", ""The 'War Requiem', composed by Benjamin Britten in 1962, is a musical setting of the Latin Mass for the Dead that also features additional passages by First World War poet Wilfred Owen. Its fame stems from its stirring portrayal of the horrors of war, utilizing sophisticated harmonic and contrapuntal techniques to underscore its emotional depth.""]","[10.328125, 9.484375, 13.40625]"
